Affected,Reallocate,AvgLay,TimeDiff,SolTime
505,427,0.5573770491803278,66994.70725995317,678.0843734741211
